{"cameraMode":{"drawMode":0,"name":"Shaded","section":"Shading Mode"},"sceneLighting":false,"audioPlay":false,"sceneViewState":{"m_AlwaysRefresh":false,"showFog":true,"showSkybox":false,"showFlares":true,"showImageEffects":true,"showParticleSystems":true,"showVisualEffectGraphs":true,"m_FxEnabled":true},"in2DMode":false,"pivot":{"x":0.07386493682861328,"y":0.9549501538276672,"z":-0.01551729440689087},"rotation":{"x":-0.07570324838161469,"y":0.9127032160758972,"z":-0.19769570231437684,"w":-0.34949323534965517},"size":3.2554080486297609,"orthographic":false}